Kecamatan Bengkel,Tanggal Servis,Jumlah Servis,is_lebaran,is_christmas,is_newyear,is_holiday
KECAMATAN_A,2022-01-03,2981.0,0,0,1,1
KECAMATAN_A,2022-01-10,3374.6666666666665,0,0,0,0
KECAMATAN_A,2022-01-17,3541.0,0,0,0,0
KECAMATAN_A,2022-01-24,4470.5,0,0,0,0
KECAMATAN_A,2022-01-31,4450.0,0,0,0,0
KECAMATAN_A,2022-02-07,4508.5,0,0,0,0
KECAMATAN_A,2022-02-14,4583.0,0,0,0,0
KECAMATAN_A,2022-02-21,4342.5,0,0,0,0
KECAMATAN_A,2022-02-28,4378.0,0,0,0,0
KECAMATAN_A,2022-03-07,4423.5,0,0,0,0
KECAMATAN_A,2022-03-14,4470.5,0,0,0,0
KECAMATAN_A,2022-03-21,4580.0,0,0,0,0
KECAMATAN_A,2022-03-28,4775.0,0,0,0,0
KECAMATAN_A,2022-04-04,4928.0,0,0,0,0
KECAMATAN_A,2022-04-11,4967.0,0,0,0,0
KECAMATAN_A,2022-04-18,5071.0,0,0,0,0
KECAMATAN_A,2022-04-25,4796.5,0,0,0,0
KECAMATAN_A,2022-05-02,4320.0,1,0,0,0
KECAMATAN_A,2022-05-09,2062.0,1,0,0,0
KECAMATAN_A,2022-05-16,3964.0,0,0,0,0
KECAMATAN_A,2022-05-23,4065.5,0,0,0,0
KECAMATAN_A,2022-05-30,4753.5,0,0,0,0
KECAMATAN_A,2022-06-06,4781.5,0,0,0,0
KECAMATAN_A,2022-06-13,4731.5,0,0,0,0
KECAMATAN_A,2022-06-20,4706.5,0,0,0,0
KECAMATAN_A,2022-06-27,4074.0,0,0,0,0
KECAMATAN_A,2022-07-04,2910.5,0,0,0,0
KECAMATAN_A,2022-07-11,1812.0,0,0,0,0
KECAMATAN_A,2022-07-18,699.5,0,0,0,0
KECAMATAN_A,2022-07-25,339.0,0,0,0,0
KECAMATAN_A,2022-08-01,1526.5,0,0,0,0
KECAMATAN_A,2022-08-08,2637.0,0,0,0,0
KECAMATAN_A,2022-08-15,3575.0,0,0,0,0
KECAMATAN_A,2022-08-22,4510.0,0,0,0,0
KECAMATAN_A,2022-08-29,4590.0,0,0,0,0
KECAMATAN_A,2022-09-05,4626.5,0,0,0,0
KECAMATAN_A,2022-09-12,4807.0,0,0,0,0
KECAMATAN_A,2022-09-19,4774.0,0,0,0,0
KECAMATAN_A,2022-09-26,4134.0,0,0,0,0
KECAMATAN_A,2022-10-03,3001.0,0,0,0,0
KECAMATAN_A,2022-10-10,1888.5,0,0,0,0
KECAMATAN_A,2022-10-17,827.0,0,0,0,0
KECAMATAN_A,2022-10-24,214.0,0,0,0,0
KECAMATAN_A,2022-10-31,1433.5,0,0,0,0
KECAMATAN_A,2022-11-07,2522.0,0,0,0,0
KECAMATAN_A,2022-11-14,3563.5,0,0,0,0
KECAMATAN_A,2022-11-21,4681.0,0,0,0,0
KECAMATAN_A,2022-11-28,4655.0,0,0,0,0
KECAMATAN_A,2022-12-05,4737.5,0,0,0,0
KECAMATAN_A,2022-12-12,4767.5,0,0,0,0
KECAMATAN_A,2022-12-19,4714.0,0,1,0,1
KECAMATAN_A,2022-12-26,4650.0,0,1,1,1
KECAMATAN_A,2023-01-02,4696.5,0,0,1,1
KECAMATAN_A,2023-01-09,4800.0,0,0,0,0
KECAMATAN_A,2023-01-16,4690.0,0,0,0,0
KECAMATAN_A,2023-01-23,4672.0,0,0,0,0
KECAMATAN_A,2023-01-30,4754.0,0,0,0,0
KECAMATAN_A,2023-02-06,4667.5,0,0,0,0
KECAMATAN_A,2023-02-13,4674.5,0,0,0,0
KECAMATAN_A,2023-02-20,4610.0,0,0,0,0
KECAMATAN_A,2023-02-27,4599.0,0,0,0,0
KECAMATAN_A,2023-03-06,4673.0,0,0,0,0
KECAMATAN_A,2023-03-13,4896.0,0,0,0,0
KECAMATAN_A,2023-03-20,4851.5,0,0,0,0
KECAMATAN_A,2023-03-27,4745.0,0,0,0,0
KECAMATAN_A,2023-04-03,4794.5,0,0,0,0
KECAMATAN_A,2023-04-10,5004.5,0,0,0,0
KECAMATAN_A,2023-04-17,4540.5,0,0,0,0
KECAMATAN_A,2023-04-24,2374.0,1,0,0,0
KECAMATAN_A,2023-05-01,3348.0,1,0,0,0
KECAMATAN_A,2023-05-08,3914.5,0,0,0,0
KECAMATAN_A,2023-05-15,4358.5,0,0,0,0
KECAMATAN_A,2023-05-22,4680.0,0,0,0,0
KECAMATAN_A,2023-05-29,4531.5,0,0,0,0
KECAMATAN_A,2023-06-05,4538.0,0,0,0,0
KECAMATAN_A,2023-06-12,4567.5,0,0,0,0
KECAMATAN_A,2023-06-19,4554.5,0,0,0,0
KECAMATAN_A,2023-06-26,4453.0,0,0,0,0
KECAMATAN_A,2023-07-03,4504.0,0,0,0,0
KECAMATAN_A,2023-07-10,4590.5,0,0,0,0
KECAMATAN_A,2023-07-17,4435.0,0,0,0,0
KECAMATAN_A,2023-07-24,4557.5,0,0,0,0
KECAMATAN_A,2023-07-31,4689.0,0,0,0,0
KECAMATAN_A,2023-08-07,4733.0,0,0,0,0
KECAMATAN_A,2023-08-14,4696.0,0,0,0,0
KECAMATAN_A,2023-08-21,4661.5,0,0,0,0
KECAMATAN_A,2023-08-28,4714.0,0,0,0,0
KECAMATAN_A,2023-09-04,4883.5,0,0,0,0
KECAMATAN_A,2023-09-11,5145.0,0,0,0,0
KECAMATAN_A,2023-09-18,5109.0,0,0,0,0
KECAMATAN_A,2023-09-25,4824.0,0,0,0,0
KECAMATAN_A,2023-10-02,4760.5,0,0,0,0
KECAMATAN_A,2023-10-09,4735.0,0,0,0,0
KECAMATAN_A,2023-10-16,4728.5,0,0,0,0
KECAMATAN_A,2023-10-23,4750.0,0,0,0,0
KECAMATAN_A,2023-10-30,4820.0,0,0,0,0
KECAMATAN_A,2023-11-06,4832.0,0,0,0,0
KECAMATAN_A,2023-11-13,4829.5,0,0,0,0
KECAMATAN_A,2023-11-20,4736.0,0,0,0,0
KECAMATAN_A,2023-11-27,4790.0,0,0,0,0
KECAMATAN_A,2023-12-04,4659.0,0,0,0,0
KECAMATAN_A,2023-12-11,5124.5,0,0,0,0
KECAMATAN_A,2023-12-18,5269.0,0,1,0,1
KECAMATAN_A,2023-12-25,5111.0,0,1,1,1
KECAMATAN_A,2024-01-01,5330.5,0,1,1,1
KECAMATAN_A,2024-01-08,5025.0,0,0,1,1
KECAMATAN_A,2024-01-15,5002.0,0,0,0,0
KECAMATAN_A,2024-01-22,4912.0,0,0,0,0
KECAMATAN_A,2024-01-29,4897.0,0,0,0,0
KECAMATAN_A,2024-02-05,4673.0,0,0,0,0
KECAMATAN_A,2024-02-12,4620.0,0,0,0,0
KECAMATAN_A,2024-02-19,4648.5,0,0,0,0
KECAMATAN_A,2024-02-26,4453.5,0,0,0,0
KECAMATAN_A,2024-03-04,4516.5,0,0,0,0
KECAMATAN_A,2024-03-11,4525.5,0,0,0,0
KECAMATAN_A,2024-03-18,4404.5,0,0,0,0
KECAMATAN_A,2024-03-25,4526.5,0,0,0,0
KECAMATAN_A,2024-04-01,4701.0,0,0,0,0
KECAMATAN_A,2024-04-08,3702.5,0,0,0,0
KECAMATAN_A,2024-04-15,594.0,1,0,0,0
KECAMATAN_A,2024-04-22,4694.0,1,0,0,0
KECAMATAN_A,2024-04-29,3600.0,0,0,0,0
KECAMATAN_A,2024-05-06,4584.0,0,0,0,0
KECAMATAN_A,2024-05-13,4563.5,0,0,0,0
KECAMATAN_A,2024-05-20,4541.0,0,0,0,0
KECAMATAN_A,2024-05-27,4455.5,0,0,0,0
KECAMATAN_A,2024-06-03,4488.0,0,0,0,0
KECAMATAN_A,2024-06-10,4307.0,0,0,0,0
KECAMATAN_A,2024-06-17,4292.0,0,0,0,0
KECAMATAN_A,2024-06-24,4329.0,0,0,0,0
KECAMATAN_A,2024-07-01,4237.0,0,0,0,0
KECAMATAN_A,2024-07-08,4412.0,0,0,0,0
KECAMATAN_A,2024-07-15,4450.0,0,0,0,0
KECAMATAN_A,2024-07-22,4447.5,0,0,0,0
KECAMATAN_A,2024-07-29,4570.5,0,0,0,0
KECAMATAN_A,2024-08-05,4491.5,0,0,0,0
KECAMATAN_A,2024-08-12,4252.0,0,0,0,0
KECAMATAN_A,2024-08-19,4128.0,0,0,0,0
KECAMATAN_A,2024-08-26,4094.5,0,0,0,0
KECAMATAN_A,2024-09-02,4271.5,0,0,0,0
KECAMATAN_A,2024-09-09,4368.5,0,0,0,0
KECAMATAN_A,2024-09-16,4396.0,0,0,0,0
KECAMATAN_A,2024-09-23,4307.5,0,0,0,0
KECAMATAN_A,2024-09-30,4188.5,0,0,0,0
KECAMATAN_A,2024-10-07,4304.5,0,0,0,0
KECAMATAN_A,2024-10-14,4380.5,0,0,0,0
KECAMATAN_A,2024-10-21,4351.0,0,0,0,0
KECAMATAN_A,2024-10-28,4445.5,0,0,0,0
KECAMATAN_A,2024-11-04,4574.5,0,0,0,0
KECAMATAN_A,2024-11-11,4490.5,0,0,0,0
KECAMATAN_A,2024-11-18,4463.0,0,0,0,0
KECAMATAN_A,2024-11-25,4357.0,0,0,0,0
KECAMATAN_A,2024-12-02,4463.5,0,0,0,0
KECAMATAN_A,2024-12-09,4673.5,0,0,0,0
KECAMATAN_A,2024-12-16,4821.5,0,0,0,0
KECAMATAN_A,2024-12-23,4845.0,0,1,0,1
KECAMATAN_A,2024-12-30,4753.0,0,1,1,1
KECAMATAN_A,2025-01-06,4812.5,0,0,1,1
KECAMATAN_A,2025-01-13,4866.5,0,0,0,0
KECAMATAN_A,2025-01-20,4879.0,0,0,0,0
KECAMATAN_A,2025-01-27,4892.0,0,0,0,0
KECAMATAN_A,2025-02-03,4829.0,0,0,0,0
KECAMATAN_A,2025-02-10,4857.5,0,0,0,0
KECAMATAN_A,2025-02-17,4960.0,0,0,0,0
KECAMATAN_A,2025-02-24,5196.0,0,0,0,0
KECAMATAN_A,2025-03-03,5331.5,0,0,0,0
KECAMATAN_A,2025-03-10,5431.5,0,0,0,0
KECAMATAN_A,2025-03-17,5549.5,0,0,0,0
KECAMATAN_A,2025-03-24,4969.0,0,0,0,0
KECAMATAN_A,2025-03-31,3550.0,1,0,0,0
KECAMATAN_A,2025-04-07,1476.0,1,0,0,0
KECAMATAN_A,2025-04-14,3497.5,0,0,0,0
KECAMATAN_A,2025-04-21,3792.5,0,0,0,0
KECAMATAN_A,2025-04-28,4565.5,0,0,0,0
KECAMATAN_A,2025-05-05,4389.5,0,0,0,0
KECAMATAN_A,2025-05-12,4510.5,0,0,0,0
KECAMATAN_A,2025-05-19,4408.0,0,0,0,0
KECAMATAN_A,2025-05-26,4333.5,0,0,0,0
KECAMATAN_A,2025-06-02,4307.0,0,0,0,0
KECAMATAN_A,2025-06-09,4302.5,0,0,0,0
KECAMATAN_A,2025-06-16,4295.0,0,0,0,0
KECAMATAN_A,2025-06-23,4386.0,0,0,0,0
KECAMATAN_A,2025-06-30,4658.5,0,0,0,0
KECAMATAN_A,2025-07-07,4710.0,0,0,0,0
KECAMATAN_A,2025-07-14,4770.0,0,0,0,0
KECAMATAN_A,2025-07-21,4785.5,0,0,0,0
KECAMATAN_A,2025-07-28,4664.5,0,0,0,0
KECAMATAN_A,2025-08-04,4696.0,0,0,0,0
KECAMATAN_A,2025-08-11,4613.0,0,0,0,0
KECAMATAN_A,2025-08-18,4538.0,0,0,0,0
KECAMATAN_A,2025-08-25,4557.5,0,0,0,0
KECAMATAN_A,2025-09-01,4471.0,0,0,0,0
KECAMATAN_A,2025-09-08,4574.5,0,0,0,0
KECAMATAN_A,2025-09-15,4433.0,0,0,0,0
KECAMATAN_A,2025-09-22,4270.5,0,0,0,0
KECAMATAN_A,2025-09-29,4343.0,0,0,0,0
KECAMATAN_A,2025-10-06,4235.5,0,0,0,0
KECAMATAN_A,2025-10-13,4197.0,0,0,0,0
KECAMATAN_A,2025-10-20,4072.5,0,0,0,0
KECAMATAN_A,2025-10-27,3986.0,0,0,0,0
KECAMATAN_A,2025-11-03,4427.0,0,0,0,0
KECAMATAN_A,2025-11-10,4862.5,0,0,0,0
KECAMATAN_A,2025-11-17,5269.0,0,0,0,0
KECAMATAN_A,2025-11-24,5213.5,0,0,0,0
KECAMATAN_A,2025-12-01,4787.5,0,0,0,0
KECAMATAN_A,2025-12-08,4407.0,0,0,0,0
KECAMATAN_A,2025-12-15,3984.0,0,0,0,0
KECAMATAN_A,2025-12-22,3800.0,0,1,0,1
KECAMATAN_A,2025-12-29,3652.6666666666665,0,1,1,1
KECAMATAN_B,2022-01-03,1945.0,0,0,1,1
KECAMATAN_B,2022-01-10,2201.3333333333335,0,0,0,0
KECAMATAN_B,2022-01-17,2275.5,0,0,0,0
KECAMATAN_B,2022-01-24,2660.0,0,0,0,0
KECAMATAN_B,2022-01-31,2704.0,0,0,0,0
KECAMATAN_B,2022-02-07,2730.5,0,0,0,0
KECAMATAN_B,2022-02-14,2607.5,0,0,0,0
KECAMATAN_B,2022-02-21,2560.0,0,0,0,0
KECAMATAN_B,2022-02-28,2485.5,0,0,0,0
KECAMATAN_B,2022-03-07,2393.0,0,0,0,0
KECAMATAN_B,2022-03-14,2484.0,0,0,0,0
KECAMATAN_B,2022-03-21,2588.0,0,0,0,0
KECAMATAN_B,2022-03-28,2626.5,0,0,0,0
KECAMATAN_B,2022-04-04,2769.5,0,0,0,0
KECAMATAN_B,2022-04-11,2891.5,0,0,0,0
KECAMATAN_B,2022-04-18,3024.5,0,0,0,0
KECAMATAN_B,2022-04-25,2958.5,0,0,0,0
KECAMATAN_B,2022-05-02,2646.0,1,0,0,0
KECAMATAN_B,2022-05-09,540.0,1,0,0,0
KECAMATAN_B,2022-05-16,2322.5,0,0,0,0
KECAMATAN_B,2022-05-23,2337.0,0,0,0,0
KECAMATAN_B,2022-05-30,2963.0,0,0,0,0
KECAMATAN_B,2022-06-06,2783.5,0,0,0,0
KECAMATAN_B,2022-06-13,2678.0,0,0,0,0
KECAMATAN_B,2022-06-20,2595.0,0,0,0,0
KECAMATAN_B,2022-06-27,2108.0,0,0,0,0
KECAMATAN_B,2022-07-04,1561.5,0,0,0,0
KECAMATAN_B,2022-08-01,1658.5,0,0,0,0
KECAMATAN_B,2022-08-08,1663.5,0,0,0,0
KECAMATAN_B,2022-08-15,1916.5,0,0,0,0
KECAMATAN_B,2022-08-22,2410.0,0,0,0,0
KECAMATAN_B,2022-08-29,2432.0,0,0,0,0
KECAMATAN_B,2022-09-05,2467.0,0,0,0,0
KECAMATAN_B,2022-09-12,2520.5,0,0,0,0
KECAMATAN_B,2022-09-19,2510.5,0,0,0,0
KECAMATAN_B,2022-09-26,2164.0,0,0,0,0
KECAMATAN_B,2022-10-03,1532.5,0,0,0,0
KECAMATAN_B,2022-10-31,1673.0,0,0,0,0
KECAMATAN_B,2022-11-07,1692.0,0,0,0,0
KECAMATAN_B,2022-11-14,1920.0,0,0,0,0
KECAMATAN_B,2022-11-21,2554.0,0,0,0,0
KECAMATAN_B,2022-11-28,2648.0,0,0,0,0
KECAMATAN_B,2022-12-05,2686.5,0,0,0,0
KECAMATAN_B,2022-12-12,2749.5,0,0,0,0
KECAMATAN_B,2022-12-19,2727.5,0,1,0,1
KECAMATAN_B,2022-12-26,2495.5,0,1,1,1
KECAMATAN_B,2023-01-02,2602.5,0,0,1,1
KECAMATAN_B,2023-01-09,2637.5,0,0,0,0
KECAMATAN_B,2023-01-16,2561.5,0,0,0,0
KECAMATAN_B,2023-01-23,2535.0,0,0,0,0
KECAMATAN_B,2023-01-30,2502.5,0,0,0,0
KECAMATAN_B,2023-02-06,2451.5,0,0,0,0
KECAMATAN_B,2023-02-13,2426.0,0,0,0,0
KECAMATAN_B,2023-02-20,2404.0,0,0,0,0
KECAMATAN_B,2023-02-27,2396.0,0,0,0,0
KECAMATAN_B,2023-03-06,2485.5,0,0,0,0
KECAMATAN_B,2023-03-13,2583.0,0,0,0,0
KECAMATAN_B,2023-03-20,2619.5,0,0,0,0
KECAMATAN_B,2023-03-27,2598.5,0,0,0,0
KECAMATAN_B,2023-04-03,2639.0,0,0,0,0
KECAMATAN_B,2023-04-10,2874.5,0,0,0,0
KECAMATAN_B,2023-04-17,2641.5,0,0,0,0
KECAMATAN_B,2023-04-24,1352.0,1,0,0,0
KECAMATAN_B,2023-05-01,1258.0,1,0,0,0
KECAMATAN_B,2023-05-08,2051.5,0,0,0,0
KECAMATAN_B,2023-05-15,2309.0,0,0,0,0
KECAMATAN_B,2023-05-22,2619.0,0,0,0,0
KECAMATAN_B,2023-05-29,2563.5,0,0,0,0
KECAMATAN_B,2023-06-05,2544.0,0,0,0,0
KECAMATAN_B,2023-06-12,2541.0,0,0,0,0
KECAMATAN_B,2023-06-19,2461.0,0,0,0,0
KECAMATAN_B,2023-06-26,2328.0,0,0,0,0
KECAMATAN_B,2023-07-03,2383.0,0,0,0,0
KECAMATAN_B,2023-07-10,2443.5,0,0,0,0
KECAMATAN_B,2023-07-17,2428.0,0,0,0,0
KECAMATAN_B,2023-07-24,2573.0,0,0,0,0
KECAMATAN_B,2023-07-31,2622.0,0,0,0,0
KECAMATAN_B,2023-08-07,2591.0,0,0,0,0
KECAMATAN_B,2023-08-14,2594.0,0,0,0,0
KECAMATAN_B,2023-08-21,2523.0,0,0,0,0
KECAMATAN_B,2023-08-28,2521.5,0,0,0,0
KECAMATAN_B,2023-09-04,2566.5,0,0,0,0
KECAMATAN_B,2023-09-11,2607.5,0,0,0,0
KECAMATAN_B,2023-09-18,2544.0,0,0,0,0
KECAMATAN_B,2023-09-25,2537.0,0,0,0,0
KECAMATAN_B,2023-10-02,2551.5,0,0,0,0
KECAMATAN_B,2023-10-09,2543.5,0,0,0,0
KECAMATAN_B,2023-10-16,2535.0,0,0,0,0
KECAMATAN_B,2023-10-23,2508.5,0,0,0,0
KECAMATAN_B,2023-10-30,2560.0,0,0,0,0
KECAMATAN_B,2023-11-06,2592.5,0,0,0,0
KECAMATAN_B,2023-11-13,2630.5,0,0,0,0
KECAMATAN_B,2023-11-20,2544.5,0,0,0,0
KECAMATAN_B,2023-11-27,2696.0,0,0,0,0
KECAMATAN_B,2023-12-04,2774.0,0,0,0,0
KECAMATAN_B,2023-12-11,3137.5,0,0,0,0
KECAMATAN_B,2023-12-18,3479.0,0,1,0,1
KECAMATAN_B,2023-12-25,3482.0,0,1,1,1
KECAMATAN_B,2024-01-01,3473.5,0,1,1,1
KECAMATAN_B,2024-01-08,3137.5,0,0,1,1
KECAMATAN_B,2024-01-15,2750.5,0,0,0,0
KECAMATAN_B,2024-01-22,2506.0,0,0,0,0
KECAMATAN_B,2024-01-29,2593.5,0,0,0,0
KECAMATAN_B,2024-02-05,2601.0,0,0,0,0
KECAMATAN_B,2024-02-12,2611.0,0,0,0,0
KECAMATAN_B,2024-02-19,2593.5,0,0,0,0
KECAMATAN_B,2024-02-26,2471.0,0,0,0,0
KECAMATAN_B,2024-03-04,2499.0,0,0,0,0
KECAMATAN_B,2024-03-11,2563.5,0,0,0,0
KECAMATAN_B,2024-03-18,2605.5,0,0,0,0
KECAMATAN_B,2024-03-25,2851.0,0,0,0,0
KECAMATAN_B,2024-04-01,3035.0,0,0,0,0
KECAMATAN_B,2024-04-08,2479.0,0,0,0,0
KECAMATAN_B,2024-04-15,350.0,1,0,0,0
KECAMATAN_B,2024-04-22,2750.0,1,0,0,0
KECAMATAN_B,2024-04-29,2300.5,0,0,0,0
KECAMATAN_B,2024-05-06,2855.5,0,0,0,0
KECAMATAN_B,2024-05-13,2785.0,0,0,0,0
KECAMATAN_B,2024-05-20,2633.0,0,0,0,0
KECAMATAN_B,2024-05-27,2565.5,0,0,0,0
KECAMATAN_B,2024-06-03,2603.5,0,0,0,0
KECAMATAN_B,2024-06-10,2478.0,0,0,0,0
KECAMATAN_B,2024-06-17,2422.0,0,0,0,0
KECAMATAN_B,2024-06-24,2598.0,0,0,0,0
KECAMATAN_B,2024-07-01,2582.5,0,0,0,0
KECAMATAN_B,2024-07-08,2777.5,0,0,0,0
KECAMATAN_B,2024-07-15,2841.5,0,0,0,0
KECAMATAN_B,2024-07-22,2712.0,0,0,0,0
KECAMATAN_B,2024-07-29,2816.5,0,0,0,0
KECAMATAN_B,2024-08-05,2822.5,0,0,0,0
KECAMATAN_B,2024-08-12,2712.5,0,0,0,0
KECAMATAN_B,2024-08-19,2647.0,0,0,0,0
KECAMATAN_B,2024-08-26,2649.0,0,0,0,0
KECAMATAN_B,2024-09-02,2631.0,0,0,0,0
KECAMATAN_B,2024-09-09,2692.5,0,0,0,0
KECAMATAN_B,2024-09-16,2666.5,0,0,0,0
KECAMATAN_B,2024-09-23,2672.5,0,0,0,0
KECAMATAN_B,2024-09-30,2693.5,0,0,0,0
KECAMATAN_B,2024-10-07,2730.0,0,0,0,0
KECAMATAN_B,2024-10-14,2737.5,0,0,0,0
KECAMATAN_B,2024-10-21,2599.5,0,0,0,0
KECAMATAN_B,2024-10-28,2685.5,0,0,0,0
KECAMATAN_B,2024-11-04,2674.5,0,0,0,0
KECAMATAN_B,2024-11-11,2620.5,0,0,0,0
KECAMATAN_B,2024-11-18,2608.0,0,0,0,0
KECAMATAN_B,2024-11-25,2713.5,0,0,0,0
KECAMATAN_B,2024-12-02,2934.0,0,0,0,0
KECAMATAN_B,2024-12-09,3151.0,0,0,0,0
KECAMATAN_B,2024-12-16,3458.5,0,0,0,0
KECAMATAN_B,2024-12-23,3651.0,0,1,0,1
KECAMATAN_B,2024-12-30,3620.5,0,1,1,1
KECAMATAN_B,2025-01-06,3632.5,0,0,1,1
KECAMATAN_B,2025-01-13,3469.5,0,0,0,0
KECAMATAN_B,2025-01-20,3263.0,0,0,0,0
KECAMATAN_B,2025-01-27,3479.5,0,0,0,0
KECAMATAN_B,2025-02-03,3473.0,0,0,0,0
KECAMATAN_B,2025-02-10,3549.0,0,0,0,0
KECAMATAN_B,2025-02-17,3570.5,0,0,0,0
KECAMATAN_B,2025-02-24,3613.5,0,0,0,0
KECAMATAN_B,2025-03-03,3692.0,0,0,0,0
KECAMATAN_B,2025-03-10,3743.5,0,0,0,0
KECAMATAN_B,2025-03-17,3860.0,0,0,0,0
KECAMATAN_B,2025-03-24,3437.0,0,0,0,0
KECAMATAN_B,2025-03-31,2536.0,1,0,0,0
KECAMATAN_B,2025-04-07,750.0,1,0,0,0
KECAMATAN_B,2025-04-14,2354.5,0,0,0,0
KECAMATAN_B,2025-04-21,2655.0,0,0,0,0
KECAMATAN_B,2025-04-28,3320.5,0,0,0,0
KECAMATAN_B,2025-05-05,3242.0,0,0,0,0
KECAMATAN_B,2025-05-12,3306.0,0,0,0,0
KECAMATAN_B,2025-05-19,3183.5,0,0,0,0
KECAMATAN_B,2025-05-26,3305.5,0,0,0,0
KECAMATAN_B,2025-06-02,3199.5,0,0,0,0
KECAMATAN_B,2025-06-09,3056.0,0,0,0,0
KECAMATAN_B,2025-06-16,3063.5,0,0,0,0
KECAMATAN_B,2025-06-23,3017.0,0,0,0,0
KECAMATAN_B,2025-06-30,3131.0,0,0,0,0
KECAMATAN_B,2025-07-07,3163.0,0,0,0,0
KECAMATAN_B,2025-07-14,3064.0,0,0,0,0
KECAMATAN_B,2025-07-21,2933.0,0,0,0,0
KECAMATAN_B,2025-07-28,3161.0,0,0,0,0
KECAMATAN_B,2025-08-04,3176.0,0,0,0,0
KECAMATAN_B,2025-08-11,3108.5,0,0,0,0
KECAMATAN_B,2025-08-18,2933.5,0,0,0,0
KECAMATAN_B,2025-08-25,2879.0,0,0,0,0
KECAMATAN_B,2025-09-01,2917.5,0,0,0,0
KECAMATAN_B,2025-09-08,3004.0,0,0,0,0
KECAMATAN_B,2025-09-15,3129.5,0,0,0,0
KECAMATAN_B,2025-09-22,3096.0,0,0,0,0
KECAMATAN_B,2025-09-29,3199.0,0,0,0,0
KECAMATAN_B,2025-10-06,3120.5,0,0,0,0
KECAMATAN_B,2025-10-13,3032.5,0,0,0,0
KECAMATAN_B,2025-10-20,2829.0,0,0,0,0
KECAMATAN_B,2025-10-27,2937.0,0,0,0,0
KECAMATAN_B,2025-11-03,3278.5,0,0,0,0
KECAMATAN_B,2025-11-10,3579.0,0,0,0,0
KECAMATAN_B,2025-11-17,3880.0,0,0,0,0
KECAMATAN_B,2025-11-24,3746.5,0,0,0,0
KECAMATAN_B,2025-12-01,3444.0,0,0,0,0
KECAMATAN_B,2025-12-08,3110.0,0,0,0,0
KECAMATAN_B,2025-12-15,2778.0,0,0,0,0
KECAMATAN_B,2025-12-22,2683.0,0,1,0,1
KECAMATAN_B,2025-12-29,2644.0,0,1,1,1
KECAMATAN_C,2022-01-03,2478.0,0,0,1,1
KECAMATAN_C,2022-01-10,2956.6666666666665,0,0,0,0
KECAMATAN_C,2022-01-17,3104.0,0,0,0,0
KECAMATAN_C,2022-01-24,3804.0,0,0,0,0
KECAMATAN_C,2022-01-31,3794.5,0,0,0,0
KECAMATAN_C,2022-02-07,3714.5,0,0,0,0
KECAMATAN_C,2022-02-14,3710.0,0,0,0,0
KECAMATAN_C,2022-02-21,3605.5,0,0,0,0
KECAMATAN_C,2022-02-28,3616.0,0,0,0,0
KECAMATAN_C,2022-03-07,3549.0,0,0,0,0
KECAMATAN_C,2022-03-14,3482.5,0,0,0,0
KECAMATAN_C,2022-03-21,3469.5,0,0,0,0
KECAMATAN_C,2022-03-28,3401.0,0,0,0,0
KECAMATAN_C,2022-04-04,3571.5,0,0,0,0
KECAMATAN_C,2022-04-11,3677.0,0,0,0,0
KECAMATAN_C,2022-04-18,3908.0,0,0,0,0
KECAMATAN_C,2022-04-25,3888.0,0,0,0,0
KECAMATAN_C,2022-05-02,3426.0,1,0,0,0
KECAMATAN_C,2022-05-09,576.0,1,0,0,0
KECAMATAN_C,2022-05-16,2897.0,0,0,0,0
KECAMATAN_C,2022-05-23,3141.0,0,0,0,0
KECAMATAN_C,2022-05-30,3933.0,0,0,0,0
KECAMATAN_C,2022-06-06,4014.5,0,0,0,0
KECAMATAN_C,2022-06-13,4027.5,0,0,0,0
KECAMATAN_C,2022-06-20,3934.0,0,0,0,0
KECAMATAN_C,2022-06-27,3446.5,0,0,0,0
KECAMATAN_C,2022-07-04,2510.5,0,0,0,0
KECAMATAN_C,2022-08-01,2492.5,0,0,0,0
KECAMATAN_C,2022-08-08,2439.5,0,0,0,0
KECAMATAN_C,2022-08-15,2797.0,0,0,0,0
KECAMATAN_C,2022-08-22,3587.5,0,0,0,0
KECAMATAN_C,2022-08-29,3711.0,0,0,0,0
KECAMATAN_C,2022-09-05,3724.0,0,0,0,0
KECAMATAN_C,2022-09-12,3807.5,0,0,0,0
KECAMATAN_C,2022-09-19,3766.0,0,0,0,0
KECAMATAN_C,2022-09-26,3253.5,0,0,0,0
KECAMATAN_C,2022-10-03,3235.0,0,0,0,0
KECAMATAN_C,2022-11-07,3242.0,0,0,0,0
KECAMATAN_C,2022-11-14,3194.5,0,0,0,0
KECAMATAN_C,2022-11-21,3495.0,0,0,0,0
KECAMATAN_C,2022-11-28,3564.5,0,0,0,0
KECAMATAN_C,2022-12-05,3587.0,0,0,0,0
KECAMATAN_C,2022-12-12,3636.5,0,0,0,0
KECAMATAN_C,2022-12-19,3709.0,0,1,0,1
KECAMATAN_C,2022-12-26,3529.5,0,1,1,1
KECAMATAN_C,2023-01-02,3600.0,0,0,1,1
KECAMATAN_C,2023-01-09,3638.0,0,0,0,0
KECAMATAN_C,2023-01-16,3661.0,0,0,0,0
KECAMATAN_C,2023-01-23,3677.0,0,0,0,0
KECAMATAN_C,2023-01-30,3619.5,0,0,0,0
KECAMATAN_C,2023-02-06,3599.0,0,0,0,0
KECAMATAN_C,2023-02-13,3522.0,0,0,0,0
KECAMATAN_C,2023-02-20,3518.0,0,0,0,0
KECAMATAN_C,2023-02-27,3579.0,0,0,0,0
KECAMATAN_C,2023-03-06,3579.5,0,0,0,0
KECAMATAN_C,2023-03-13,3625.0,0,0,0,0
KECAMATAN_C,2023-03-20,3612.0,0,0,0,0
KECAMATAN_C,2023-03-27,3582.0,0,0,0,0
KECAMATAN_C,2023-04-03,3762.5,0,0,0,0
KECAMATAN_C,2023-04-10,3962.0,0,0,0,0
KECAMATAN_C,2023-04-17,3654.0,0,0,0,0
KECAMATAN_C,2023-04-24,2118.0,1,0,0,0
KECAMATAN_C,2023-05-01,1514.0,1,0,0,0
KECAMATAN_C,2023-05-08,2951.5,0,0,0,0
KECAMATAN_C,2023-05-15,3429.0,0,0,0,0
KECAMATAN_C,2023-05-22,3984.5,0,0,0,0
KECAMATAN_C,2023-05-29,3995.0,0,0,0,0
KECAMATAN_C,2023-06-05,4062.0,0,0,0,0
KECAMATAN_C,2023-06-12,4025.0,0,0,0,0
KECAMATAN_C,2023-06-19,4047.0,0,0,0,0
KECAMATAN_C,2023-06-26,3910.5,0,0,0,0
KECAMATAN_C,2023-07-03,3859.5,0,0,0,0
KECAMATAN_C,2023-07-10,3867.0,0,0,0,0
KECAMATAN_C,2023-07-17,3828.0,0,0,0,0
KECAMATAN_C,2023-07-24,3925.5,0,0,0,0
KECAMATAN_C,2023-07-31,3928.5,0,0,0,0
KECAMATAN_C,2023-08-07,3918.5,0,0,0,0
KECAMATAN_C,2023-08-14,3786.0,0,0,0,0
KECAMATAN_C,2023-08-21,3614.0,0,0,0,0
KECAMATAN_C,2023-08-28,3554.5,0,0,0,0
KECAMATAN_C,2023-09-04,3621.5,0,0,0,0
KECAMATAN_C,2023-09-11,3746.0,0,0,0,0
KECAMATAN_C,2023-09-18,3802.0,0,0,0,0
KECAMATAN_C,2023-09-25,3822.5,0,0,0,0
KECAMATAN_C,2023-10-02,3736.5,0,0,0,0
KECAMATAN_C,2023-10-09,3773.0,0,0,0,0
KECAMATAN_C,2023-10-16,3655.0,0,0,0,0
KECAMATAN_C,2023-10-23,3363.0,0,0,0,0
KECAMATAN_C,2023-10-30,3189.5,0,0,0,0
KECAMATAN_C,2023-11-06,2995.5,0,0,0,0
KECAMATAN_C,2023-11-13,2937.0,0,0,0,0
KECAMATAN_C,2023-11-20,3021.5,0,0,0,0
KECAMATAN_C,2023-11-27,3282.0,0,0,0,0
KECAMATAN_C,2023-12-04,3442.5,0,0,0,0
KECAMATAN_C,2023-12-11,3912.0,0,0,0,0
KECAMATAN_C,2023-12-18,4304.5,0,1,0,1
KECAMATAN_C,2023-12-25,4148.5,0,1,1,1
KECAMATAN_C,2024-01-01,4075.5,0,1,1,1
KECAMATAN_C,2024-01-08,3662.0,0,0,1,1
KECAMATAN_C,2024-01-15,3180.5,0,0,0,0
KECAMATAN_C,2024-01-22,3004.0,0,0,0,0
KECAMATAN_C,2024-01-29,2878.0,0,0,0,0
KECAMATAN_C,2024-02-05,2908.5,0,0,0,0
KECAMATAN_C,2024-02-12,2803.5,0,0,0,0
KECAMATAN_C,2024-02-19,2818.0,0,0,0,0
KECAMATAN_C,2024-02-26,2805.0,0,0,0,0
KECAMATAN_C,2024-03-04,2734.0,0,0,0,0
KECAMATAN_C,2024-03-11,2959.5,0,0,0,0
KECAMATAN_C,2024-03-18,2885.0,0,0,0,0
KECAMATAN_C,2024-03-25,2891.0,0,0,0,0
KECAMATAN_C,2024-04-01,3013.5,0,0,0,0
KECAMATAN_C,2024-04-08,2210.5,0,0,0,0
KECAMATAN_C,2024-04-15,90.0,1,0,0,0
KECAMATAN_C,2024-04-22,2524.0,1,0,0,0
KECAMATAN_C,2024-04-29,2141.5,0,0,0,0
KECAMATAN_C,2024-05-06,2871.0,0,0,0,0
KECAMATAN_C,2024-05-13,2919.0,0,0,0,0
KECAMATAN_C,2024-05-20,2771.0,0,0,0,0
KECAMATAN_C,2024-05-27,2630.5,0,0,0,0
KECAMATAN_C,2024-06-03,2592.0,0,0,0,0
KECAMATAN_C,2024-06-10,2530.0,0,0,0,0
KECAMATAN_C,2024-06-17,2533.0,0,0,0,0
KECAMATAN_C,2024-06-24,2645.5,0,0,0,0
KECAMATAN_C,2024-07-01,2610.5,0,0,0,0
KECAMATAN_C,2024-07-08,2661.0,0,0,0,0
KECAMATAN_C,2024-07-15,2806.0,0,0,0,0
KECAMATAN_C,2024-07-22,2855.5,0,0,0,0
KECAMATAN_C,2024-07-29,2947.0,0,0,0,0
KECAMATAN_C,2024-08-05,3024.5,0,0,0,0
KECAMATAN_C,2024-08-12,2877.5,0,0,0,0
KECAMATAN_C,2024-08-19,2852.5,0,0,0,0
KECAMATAN_C,2024-08-26,2940.0,0,0,0,0
KECAMATAN_C,2024-09-02,2961.5,0,0,0,0
KECAMATAN_C,2024-09-09,2997.0,0,0,0,0
KECAMATAN_C,2024-09-16,2801.0,0,0,0,0
KECAMATAN_C,2024-09-23,2751.0,0,0,0,0
KECAMATAN_C,2024-09-30,2809.5,0,0,0,0
KECAMATAN_C,2024-10-07,2858.0,0,0,0,0
KECAMATAN_C,2024-10-14,2924.5,0,0,0,0
KECAMATAN_C,2024-10-21,2745.0,0,0,0,0
KECAMATAN_C,2024-10-28,2663.5,0,0,0,0
KECAMATAN_C,2024-11-04,2783.5,0,0,0,0
KECAMATAN_C,2024-11-11,2768.5,0,0,0,0
KECAMATAN_C,2024-11-18,2735.5,0,0,0,0
KECAMATAN_C,2024-11-25,2611.0,0,0,0,0
KECAMATAN_C,2024-12-02,2805.0,0,0,0,0
KECAMATAN_C,2024-12-09,3300.5,0,0,0,0
KECAMATAN_C,2024-12-16,3889.0,0,0,0,0
KECAMATAN_C,2024-12-23,4542.5,0,1,0,1
KECAMATAN_C,2024-12-30,4595.5,0,1,1,1
KECAMATAN_C,2025-01-06,4770.0,0,0,1,1
KECAMATAN_C,2025-01-13,4700.5,0,0,0,0
KECAMATAN_C,2025-01-20,4292.5,0,0,0,0
KECAMATAN_C,2025-01-27,4124.5,0,0,0,0
KECAMATAN_C,2025-02-03,3765.0,0,0,0,0
KECAMATAN_C,2025-02-10,3699.5,0,0,0,0
KECAMATAN_C,2025-02-17,3861.5,0,0,0,0
KECAMATAN_C,2025-02-24,4122.5,0,0,0,0
KECAMATAN_C,2025-03-03,4218.5,0,0,0,0
KECAMATAN_C,2025-03-10,4090.5,0,0,0,0
KECAMATAN_C,2025-03-17,4005.5,0,0,0,0
KECAMATAN_C,2025-03-24,3470.0,0,0,0,0
KECAMATAN_C,2025-03-31,2452.0,1,0,0,0
KECAMATAN_C,2025-04-07,570.0,1,0,0,0
KECAMATAN_C,2025-04-14,2460.5,0,0,0,0
KECAMATAN_C,2025-04-21,2638.0,0,0,0,0
KECAMATAN_C,2025-04-28,3278.0,0,0,0,0
KECAMATAN_C,2025-05-05,3168.0,0,0,0,0
KECAMATAN_C,2025-05-12,3115.0,0,0,0,0
KECAMATAN_C,2025-05-19,3091.0,0,0,0,0
KECAMATAN_C,2025-05-26,3038.5,0,0,0,0
KECAMATAN_C,2025-06-02,2814.0,0,0,0,0
KECAMATAN_C,2025-06-09,2776.5,0,0,0,0
KECAMATAN_C,2025-06-16,2821.5,0,0,0,0
KECAMATAN_C,2025-06-23,3258.0,0,0,0,0
KECAMATAN_C,2025-06-30,3697.0,0,0,0,0
KECAMATAN_C,2025-07-07,3894.0,0,0,0,0
KECAMATAN_C,2025-07-14,3901.0,0,0,0,0
KECAMATAN_C,2025-07-21,3668.5,0,0,0,0
KECAMATAN_C,2025-07-28,3609.0,0,0,0,0
KECAMATAN_C,2025-08-04,3557.5,0,0,0,0
KECAMATAN_C,2025-08-11,3511.0,0,0,0,0
KECAMATAN_C,2025-08-18,3469.5,0,0,0,0
KECAMATAN_C,2025-08-25,3471.5,0,0,0,0
KECAMATAN_C,2025-09-01,3418.0,0,0,0,0
KECAMATAN_C,2025-09-08,3477.5,0,0,0,0
KECAMATAN_C,2025-09-15,3348.5,0,0,0,0
KECAMATAN_C,2025-09-22,3176.0,0,0,0,0
KECAMATAN_C,2025-09-29,3160.0,0,0,0,0
KECAMATAN_C,2025-10-06,3084.0,0,0,0,0
KECAMATAN_C,2025-10-13,3076.5,0,0,0,0
KECAMATAN_C,2025-10-20,3138.5,0,0,0,0
KECAMATAN_C,2025-10-27,3222.0,0,0,0,0
KECAMATAN_C,2025-11-03,3722.0,0,0,0,0
KECAMATAN_C,2025-11-10,4231.0,0,0,0,0
KECAMATAN_C,2025-11-17,4652.5,0,0,0,0
KECAMATAN_C,2025-11-24,4549.0,0,0,0,0
KECAMATAN_C,2025-12-01,4041.0,0,0,0,0
KECAMATAN_C,2025-12-08,3539.5,0,0,0,0
KECAMATAN_C,2025-12-15,2947.0,0,0,0,0
KECAMATAN_C,2025-12-22,2794.5,0,1,0,1
KECAMATAN_C,2025-12-29,2729.3333333333335,0,1,1,1
KECAMATAN_D,2022-01-03,1396.0,0,0,1,1
KECAMATAN_D,2022-01-10,1535.3333333333333,0,0,0,0
KECAMATAN_D,2022-01-17,1587.0,0,0,0,0
KECAMATAN_D,2022-01-24,1943.0,0,0,0,0
KECAMATAN_D,2022-01-31,1897.0,0,0,0,0
KECAMATAN_D,2022-02-07,1900.0,0,0,0,0
KECAMATAN_D,2022-02-14,1872.0,0,0,0,0
KECAMATAN_D,2022-02-21,1827.0,0,0,0,0
KECAMATAN_D,2022-02-28,1871.0,0,0,0,0
KECAMATAN_D,2022-03-07,1889.0,0,0,0,0
KECAMATAN_D,2022-03-14,1964.0,0,0,0,0
KECAMATAN_D,2022-03-21,1996.5,0,0,0,0
KECAMATAN_D,2022-03-28,2060.5,0,0,0,0
KECAMATAN_D,2022-04-04,2193.5,0,0,0,0
KECAMATAN_D,2022-04-11,2277.0,0,0,0,0
KECAMATAN_D,2022-04-18,2392.0,0,0,0,0
KECAMATAN_D,2022-04-25,2353.0,0,0,0,0
KECAMATAN_D,2022-05-02,2234.0,1,0,0,0
KECAMATAN_D,2022-05-09,520.0,1,0,0,0
KECAMATAN_D,2022-05-16,1785.5,0,0,0,0
KECAMATAN_D,2022-05-23,1810.5,0,0,0,0
KECAMATAN_D,2022-05-30,2339.5,0,0,0,0
KECAMATAN_D,2022-06-06,2388.0,0,0,0,0
KECAMATAN_D,2022-06-13,2402.5,0,0,0,0
KECAMATAN_D,2022-06-20,2355.0,0,0,0,0
KECAMATAN_D,2022-06-27,1945.5,0,0,0,0
KECAMATAN_D,2022-07-04,1355.5,0,0,0,0
KECAMATAN_D,2022-07-18,896.0,0,0,0,0
KECAMATAN_D,2022-08-01,1001.0,0,0,0,0
KECAMATAN_D,2022-08-08,1289.0,0,0,0,0
KECAMATAN_D,2022-08-15,1708.5,0,0,0,0
KECAMATAN_D,2022-08-22,2150.0,0,0,0,0
KECAMATAN_D,2022-08-29,2103.0,0,0,0,0
KECAMATAN_D,2022-09-05,2049.0,0,0,0,0
KECAMATAN_D,2022-09-12,2173.5,0,0,0,0
KECAMATAN_D,2022-09-19,2177.5,0,0,0,0
KECAMATAN_D,2022-09-26,1897.5,0,0,0,0
KECAMATAN_D,2022-10-03,1414.5,0,0,0,0
KECAMATAN_D,2022-10-31,1420.5,0,0,0,0
KECAMATAN_D,2022-11-07,1422.5,0,0,0,0
KECAMATAN_D,2022-11-14,1677.0,0,0,0,0
KECAMATAN_D,2022-11-21,2223.0,0,0,0,0
KECAMATAN_D,2022-11-28,2223.5,0,0,0,0
KECAMATAN_D,2022-12-05,2196.5,0,0,0,0
KECAMATAN_D,2022-12-12,2151.0,0,0,0,0
KECAMATAN_D,2022-12-19,2130.5,0,1,0,1
KECAMATAN_D,2022-12-26,2062.0,0,1,1,1
KECAMATAN_D,2023-01-02,2011.5,0,0,1,1
KECAMATAN_D,2023-01-09,2005.0,0,0,0,0
KECAMATAN_D,2023-01-16,1977.5,0,0,0,0
KECAMATAN_D,2023-01-23,1995.5,0,0,0,0
KECAMATAN_D,2023-01-30,2009.5,0,0,0,0
KECAMATAN_D,2023-02-06,2050.5,0,0,0,0
KECAMATAN_D,2023-02-13,1991.0,0,0,0,0
KECAMATAN_D,2023-02-20,2057.0,0,0,0,0
KECAMATAN_D,2023-02-27,2129.0,0,0,0,0
KECAMATAN_D,2023-03-06,2079.5,0,0,0,0
KECAMATAN_D,2023-03-13,2197.5,0,0,0,0
KECAMATAN_D,2023-03-20,2186.5,0,0,0,0
KECAMATAN_D,2023-03-27,2233.5,0,0,0,0
KECAMATAN_D,2023-04-03,2321.5,0,0,0,0
KECAMATAN_D,2023-04-10,2356.0,0,0,0,0
KECAMATAN_D,2023-04-17,2042.5,0,0,0,0
KECAMATAN_D,2023-04-24,968.0,1,0,0,0
KECAMATAN_D,2023-05-01,1018.0,1,0,0,0
KECAMATAN_D,2023-05-08,1587.0,0,0,0,0
KECAMATAN_D,2023-05-15,1839.0,0,0,0,0
KECAMATAN_D,2023-05-22,2245.5,0,0,0,0
KECAMATAN_D,2023-05-29,2242.5,0,0,0,0
KECAMATAN_D,2023-06-05,2231.0,0,0,0,0
KECAMATAN_D,2023-06-12,2266.0,0,0,0,0
KECAMATAN_D,2023-06-19,2237.5,0,0,0,0
KECAMATAN_D,2023-06-26,2164.5,0,0,0,0
KECAMATAN_D,2023-07-03,2185.0,0,0,0,0
KECAMATAN_D,2023-07-10,2200.0,0,0,0,0
KECAMATAN_D,2023-07-17,2054.0,0,0,0,0
KECAMATAN_D,2023-07-24,2235.5,0,0,0,0
KECAMATAN_D,2023-07-31,2285.5,0,0,0,0
KECAMATAN_D,2023-08-07,2222.5,0,0,0,0
KECAMATAN_D,2023-08-14,2157.5,0,0,0,0
KECAMATAN_D,2023-08-21,2045.5,0,0,0,0
KECAMATAN_D,2023-08-28,2087.5,0,0,0,0
KECAMATAN_D,2023-09-04,2106.5,0,0,0,0
KECAMATAN_D,2023-09-11,2192.5,0,0,0,0
KECAMATAN_D,2023-09-18,2220.5,0,0,0,0
KECAMATAN_D,2023-09-25,2241.5,0,0,0,0
KECAMATAN_D,2023-10-02,2339.0,0,0,0,0
KECAMATAN_D,2023-10-09,2334.5,0,0,0,0
KECAMATAN_D,2023-10-16,2245.0,0,0,0,0
KECAMATAN_D,2023-10-23,2200.5,0,0,0,0
KECAMATAN_D,2023-10-30,2186.5,0,0,0,0
KECAMATAN_D,2023-11-06,2262.5,0,0,0,0
KECAMATAN_D,2023-11-13,2271.5,0,0,0,0
KECAMATAN_D,2023-11-20,2177.5,0,0,0,0
KECAMATAN_D,2023-11-27,2172.0,0,0,0,0
KECAMATAN_D,2023-12-04,1994.0,0,0,0,0
KECAMATAN_D,2023-12-11,2028.0,0,0,0,0
KECAMATAN_D,2023-12-18,1982.0,0,1,0,1
KECAMATAN_D,2023-12-25,2114.0,0,1,1,1
KECAMATAN_D,2024-01-01,2195.0,0,1,1,1
KECAMATAN_D,2024-01-08,2173.5,0,0,1,1
KECAMATAN_D,2024-01-15,2205.5,0,0,0,0
KECAMATAN_D,2024-01-22,2087.5,0,0,0,0
KECAMATAN_D,2024-01-29,2185.5,0,0,0,0
KECAMATAN_D,2024-02-05,2071.0,0,0,0,0
KECAMATAN_D,2024-02-12,2003.0,0,0,0,0
KECAMATAN_D,2024-02-19,1878.0,0,0,0,0
KECAMATAN_D,2024-02-26,1799.0,0,0,0,0
KECAMATAN_D,2024-03-04,1986.0,0,0,0,0
KECAMATAN_D,2024-03-11,2118.0,0,0,0,0
KECAMATAN_D,2024-03-18,2209.0,0,0,0,0
KECAMATAN_D,2024-03-25,2331.0,0,0,0,0
KECAMATAN_D,2024-04-01,2284.5,0,0,0,0
KECAMATAN_D,2024-04-08,1776.5,0,0,0,0
KECAMATAN_D,2024-04-15,172.0,1,0,0,0
KECAMATAN_D,2024-04-22,1882.0,1,0,0,0
KECAMATAN_D,2024-04-29,1520.5,0,0,0,0
KECAMATAN_D,2024-05-06,1907.5,0,0,0,0
KECAMATAN_D,2024-05-13,1872.0,0,0,0,0
KECAMATAN_D,2024-05-20,1837.5,0,0,0,0
KECAMATAN_D,2024-05-27,1947.0,0,0,0,0
KECAMATAN_D,2024-06-03,2045.5,0,0,0,0
KECAMATAN_D,2024-06-10,2022.0,0,0,0,0
KECAMATAN_D,2024-06-17,1976.5,0,0,0,0
KECAMATAN_D,2024-06-24,1845.0,0,0,0,0
KECAMATAN_D,2024-07-01,1774.5,0,0,0,0
KECAMATAN_D,2024-07-08,1854.5,0,0,0,0
KECAMATAN_D,2024-07-15,1887.5,0,0,0,0
KECAMATAN_D,2024-07-22,1868.5,0,0,0,0
KECAMATAN_D,2024-07-29,1873.5,0,0,0,0
KECAMATAN_D,2024-08-05,1851.5,0,0,0,0
KECAMATAN_D,2024-08-12,1733.5,0,0,0,0
KECAMATAN_D,2024-08-19,1709.0,0,0,0,0
KECAMATAN_D,2024-08-26,1736.5,0,0,0,0
KECAMATAN_D,2024-09-02,1743.0,0,0,0,0
KECAMATAN_D,2024-09-09,1796.0,0,0,0,0
KECAMATAN_D,2024-09-16,1766.5,0,0,0,0
KECAMATAN_D,2024-09-23,1777.0,0,0,0,0
KECAMATAN_D,2024-09-30,1758.5,0,0,0,0
KECAMATAN_D,2024-10-07,1800.5,0,0,0,0
KECAMATAN_D,2024-10-14,1810.0,0,0,0,0
KECAMATAN_D,2024-10-21,1744.0,0,0,0,0
KECAMATAN_D,2024-10-28,1770.5,0,0,0,0
KECAMATAN_D,2024-11-04,1763.0,0,0,0,0
KECAMATAN_D,2024-11-11,1777.0,0,0,0,0
KECAMATAN_D,2024-11-18,1744.0,0,0,0,0
KECAMATAN_D,2024-11-25,1676.0,0,0,0,0
KECAMATAN_D,2024-12-02,1689.0,0,0,0,0
KECAMATAN_D,2024-12-09,1654.5,0,0,0,0
KECAMATAN_D,2024-12-16,1642.5,0,0,0,0
KECAMATAN_D,2024-12-23,1656.0,0,1,0,1
KECAMATAN_D,2024-12-30,1631.0,0,1,1,1
KECAMATAN_D,2025-01-06,1670.5,0,0,1,1
KECAMATAN_D,2025-01-13,1669.5,0,0,0,0
KECAMATAN_D,2025-01-20,1630.5,0,0,0,0
KECAMATAN_D,2025-01-27,1646.5,0,0,0,0
KECAMATAN_D,2025-02-03,1748.5,0,0,0,0
KECAMATAN_D,2025-02-10,1799.5,0,0,0,0
KECAMATAN_D,2025-02-17,1793.0,0,0,0,0
KECAMATAN_D,2025-02-24,1851.5,0,0,0,0
KECAMATAN_D,2025-03-03,1773.5,0,0,0,0
KECAMATAN_D,2025-03-10,1744.0,0,0,0,0
KECAMATAN_D,2025-03-17,1854.0,0,0,0,0
KECAMATAN_D,2025-03-24,1750.0,0,0,0,0
KECAMATAN_D,2025-03-31,1536.0,1,0,0,0
KECAMATAN_D,2025-04-07,346.0,1,0,0,0
KECAMATAN_D,2025-04-14,1304.0,0,0,0,0
KECAMATAN_D,2025-04-21,1323.5,0,0,0,0
KECAMATAN_D,2025-04-28,1659.5,0,0,0,0
KECAMATAN_D,2025-05-05,1588.5,0,0,0,0
KECAMATAN_D,2025-05-12,1571.5,0,0,0,0
KECAMATAN_D,2025-05-19,1540.5,0,0,0,0
KECAMATAN_D,2025-05-26,1557.5,0,0,0,0
KECAMATAN_D,2025-06-02,1530.5,0,0,0,0
KECAMATAN_D,2025-06-09,1521.0,0,0,0,0
KECAMATAN_D,2025-06-16,1509.5,0,0,0,0
KECAMATAN_D,2025-06-23,1470.5,0,0,0,0
KECAMATAN_D,2025-06-30,1556.5,0,0,0,0
KECAMATAN_D,2025-07-07,1562.0,0,0,0,0
KECAMATAN_D,2025-07-14,1562.0,0,0,0,0
KECAMATAN_D,2025-07-21,1520.0,0,0,0,0
KECAMATAN_D,2025-07-28,1489.5,0,0,0,0
KECAMATAN_D,2025-08-04,1511.5,0,0,0,0
KECAMATAN_D,2025-08-11,1462.5,0,0,0,0
KECAMATAN_D,2025-08-18,1412.5,0,0,0,0
KECAMATAN_D,2025-08-25,1396.0,0,0,0,0
KECAMATAN_D,2025-09-01,1394.5,0,0,0,0
KECAMATAN_D,2025-09-08,1378.0,0,0,0,0
KECAMATAN_D,2025-09-15,1388.0,0,0,0,0
KECAMATAN_D,2025-09-22,1369.0,0,0,0,0
KECAMATAN_D,2025-09-29,1378.0,0,0,0,0
KECAMATAN_D,2025-10-06,1396.5,0,0,0,0
KECAMATAN_D,2025-10-13,1385.0,0,0,0,0
KECAMATAN_D,2025-10-20,1327.0,0,0,0,0
KECAMATAN_D,2025-10-27,1439.5,0,0,0,0
KECAMATAN_D,2025-11-03,1968.5,0,0,0,0
KECAMATAN_D,2025-11-10,2456.0,0,0,0,0
KECAMATAN_D,2025-11-17,2999.5,0,0,0,0
KECAMATAN_D,2025-11-24,2869.5,0,0,0,0
KECAMATAN_D,2025-12-01,2437.5,0,0,0,0
KECAMATAN_D,2025-12-08,2029.0,0,0,0,0
KECAMATAN_D,2025-12-15,1528.0,0,0,0,0
KECAMATAN_D,2025-12-22,1512.0,0,1,0,1
KECAMATAN_D,2025-12-29,1468.0,0,1,1,1
KECAMATAN_E,2022-01-03,1885.2,0,0,1,1
KECAMATAN_E,2022-01-10,1915.3333333333333,0,0,0,0
KECAMATAN_E,2022-01-17,1935.7142857142858,0,0,0,0
KECAMATAN_E,2022-01-24,1956.0,0,0,0,0
KECAMATAN_E,2022-01-31,1972.0,0,0,0,0
KECAMATAN_E,2022-02-07,2007.6,0,0,0,0
KECAMATAN_E,2022-02-14,2147.0,0,0,0,0
KECAMATAN_E,2022-02-21,2130.0,0,0,0,0
KECAMATAN_E,2022-02-28,2143.4,0,0,0,0
KECAMATAN_E,2022-03-07,2175.8,0,0,0,0
KECAMATAN_E,2022-03-14,2180.6,0,0,0,0
KECAMATAN_E,2022-03-21,2206.6,0,0,0,0
KECAMATAN_E,2022-03-28,2266.8,0,0,0,0
KECAMATAN_E,2022-04-04,2259.4,0,0,0,0
KECAMATAN_E,2022-04-11,2153.0,0,0,0,0
KECAMATAN_E,2022-04-18,2196.0,0,0,0,0
KECAMATAN_E,2022-04-25,2241.6,0,0,0,0
KECAMATAN_E,2022-05-02,2024.0,1,0,0,0
KECAMATAN_E,2022-05-09,1036.0,1,0,0,0
KECAMATAN_E,2022-05-16,2317.6,0,0,0,0
KECAMATAN_E,2022-05-23,2297.8,0,0,0,0
KECAMATAN_E,2022-05-30,2282.2,0,0,0,0
KECAMATAN_E,2022-06-06,2126.0,0,0,0,0
KECAMATAN_E,2022-06-13,1948.2,0,0,0,0
KECAMATAN_E,2022-06-20,1864.6,0,0,0,0
KECAMATAN_E,2022-06-27,1611.8,0,0,0,0
KECAMATAN_E,2022-07-04,1411.2,0,0,0,0
KECAMATAN_E,2022-07-11,1437.8,0,0,0,0
KECAMATAN_E,2022-07-18,1422.6,0,0,0,0
KECAMATAN_E,2022-07-25,1377.2,0,0,0,0
KECAMATAN_E,2022-08-01,1392.2,0,0,0,0
KECAMATAN_E,2022-08-08,1427.6,0,0,0,0
KECAMATAN_E,2022-08-15,1547.2,0,0,0,0
KECAMATAN_E,2022-08-22,1742.0,0,0,0,0
KECAMATAN_E,2022-08-29,1942.4,0,0,0,0
KECAMATAN_E,2022-09-05,2053.6,0,0,0,0
KECAMATAN_E,2022-09-12,2024.2,0,0,0,0
KECAMATAN_E,2022-09-19,1782.0,0,0,0,0
KECAMATAN_E,2022-09-26,1558.6,0,0,0,0
KECAMATAN_E,2022-10-03,1391.0,0,0,0,0
KECAMATAN_E,2022-10-10,1410.2,0,0,0,0
KECAMATAN_E,2022-10-17,1397.6,0,0,0,0
KECAMATAN_E,2022-10-24,1382.8,0,0,0,0
KECAMATAN_E,2022-10-31,1390.8,0,0,0,0
KECAMATAN_E,2022-11-07,1423.2,0,0,0,0
KECAMATAN_E,2022-11-14,1522.6,0,0,0,0
KECAMATAN_E,2022-11-21,1704.0,0,0,0,0
KECAMATAN_E,2022-11-28,1880.8,0,0,0,0
KECAMATAN_E,2022-12-05,2066.4,0,0,0,0
KECAMATAN_E,2022-12-12,2303.2,0,0,0,0
KECAMATAN_E,2022-12-19,2280.6,0,1,0,1
KECAMATAN_E,2022-12-26,2238.8,0,1,1,1
KECAMATAN_E,2023-01-02,2251.8,0,0,1,1
KECAMATAN_E,2023-01-09,2279.6,0,0,0,0
KECAMATAN_E,2023-01-16,2247.4,0,0,0,0
KECAMATAN_E,2023-01-23,2219.8,0,0,0,0
KECAMATAN_E,2023-01-30,2224.8,0,0,0,0
KECAMATAN_E,2023-02-06,2293.4,0,0,0,0
KECAMATAN_E,2023-02-13,2340.6,0,0,0,0
KECAMATAN_E,2023-02-20,2291.6,0,0,0,0
KECAMATAN_E,2023-02-27,2276.6,0,0,0,0
KECAMATAN_E,2023-03-06,2327.6,0,0,0,0
KECAMATAN_E,2023-03-13,2361.4,0,0,0,0
KECAMATAN_E,2023-03-20,2388.2,0,0,0,0
KECAMATAN_E,2023-03-27,2294.0,0,0,0,0
KECAMATAN_E,2023-04-03,2302.2,0,0,0,0
KECAMATAN_E,2023-04-10,2354.6,0,0,0,0
KECAMATAN_E,2023-04-17,2318.2,0,0,0,0
KECAMATAN_E,2023-04-24,1264.0,1,0,0,0
KECAMATAN_E,2023-05-01,2142.0,1,0,0,0
KECAMATAN_E,2023-05-08,2334.2,0,0,0,0
KECAMATAN_E,2023-05-15,2322.4,0,0,0,0
KECAMATAN_E,2023-05-22,2282.2,0,0,0,0
KECAMATAN_E,2023-05-29,2218.8,0,0,0,0
KECAMATAN_E,2023-06-05,2326.2,0,0,0,0
KECAMATAN_E,2023-06-12,2365.0,0,0,0,0
KECAMATAN_E,2023-06-19,2353.6,0,0,0,0
KECAMATAN_E,2023-06-26,2348.2,0,0,0,0
KECAMATAN_E,2023-07-03,2435.4,0,0,0,0
KECAMATAN_E,2023-07-10,2470.4,0,0,0,0
KECAMATAN_E,2023-07-17,2450.0,0,0,0,0
KECAMATAN_E,2023-07-24,2417.2,0,0,0,0
KECAMATAN_E,2023-07-31,2447.2,0,0,0,0
KECAMATAN_E,2023-08-07,2583.6,0,0,0,0
KECAMATAN_E,2023-08-14,2650.6,0,0,0,0
KECAMATAN_E,2023-08-21,2648.4,0,0,0,0
KECAMATAN_E,2023-08-28,2616.0,0,0,0,0
KECAMATAN_E,2023-09-04,2640.6,0,0,0,0
KECAMATAN_E,2023-09-11,2620.6,0,0,0,0
KECAMATAN_E,2023-09-18,2592.2,0,0,0,0
KECAMATAN_E,2023-09-25,2575.4,0,0,0,0
KECAMATAN_E,2023-10-02,2636.8,0,0,0,0
KECAMATAN_E,2023-10-09,2695.0,0,0,0,0
KECAMATAN_E,2023-10-16,2594.6,0,0,0,0
KECAMATAN_E,2023-10-23,2532.8,0,0,0,0
KECAMATAN_E,2023-10-30,2510.4,0,0,0,0
KECAMATAN_E,2023-11-06,2582.4,0,0,0,0
KECAMATAN_E,2023-11-13,2520.8,0,0,0,0
KECAMATAN_E,2023-11-20,2514.8,0,0,0,0
KECAMATAN_E,2023-11-27,2540.0,0,0,0,0
KECAMATAN_E,2023-12-04,2594.2,0,0,0,0
KECAMATAN_E,2023-12-11,2580.8,0,0,0,0
KECAMATAN_E,2023-12-18,2522.4,0,1,0,1
KECAMATAN_E,2023-12-25,2478.4,0,1,1,1
KECAMATAN_E,2024-01-01,2444.2,0,1,1,1
KECAMATAN_E,2024-01-08,2456.8,0,0,1,1
KECAMATAN_E,2024-01-15,2349.2,0,0,0,0
KECAMATAN_E,2024-01-22,2349.6,0,0,0,0
KECAMATAN_E,2024-01-29,2272.4,0,0,0,0
KECAMATAN_E,2024-02-05,2200.0,0,0,0,0
KECAMATAN_E,2024-02-12,2122.4,0,0,0,0
KECAMATAN_E,2024-02-19,2095.0,0,0,0,0
KECAMATAN_E,2024-02-26,2070.0,0,0,0,0
KECAMATAN_E,2024-03-04,2155.2,0,0,0,0
KECAMATAN_E,2024-03-11,2256.6,0,0,0,0
KECAMATAN_E,2024-03-18,2075.0,0,0,0,0
KECAMATAN_E,2024-03-25,2171.4,0,0,0,0
KECAMATAN_E,2024-04-01,2226.4,0,0,0,0
KECAMATAN_E,2024-04-08,2320.0,0,0,0,0
KECAMATAN_E,2024-04-15,594.0,1,0,0,0
KECAMATAN_E,2024-04-22,2836.0,1,0,0,0
KECAMATAN_E,2024-04-29,2385.2,0,0,0,0
KECAMATAN_E,2024-05-06,2420.2,0,0,0,0
KECAMATAN_E,2024-05-13,2395.0,0,0,0,0
KECAMATAN_E,2024-05-20,2289.4,0,0,0,0
KECAMATAN_E,2024-05-27,2455.2,0,0,0,0
KECAMATAN_E,2024-06-03,2422.4,0,0,0,0
KECAMATAN_E,2024-06-10,2429.8,0,0,0,0
KECAMATAN_E,2024-06-17,2402.8,0,0,0,0
KECAMATAN_E,2024-06-24,2389.0,0,0,0,0
KECAMATAN_E,2024-07-01,2416.2,0,0,0,0
KECAMATAN_E,2024-07-08,2467.2,0,0,0,0
KECAMATAN_E,2024-07-15,2461.2,0,0,0,0
KECAMATAN_E,2024-07-22,2395.0,0,0,0,0
KECAMATAN_E,2024-07-29,2424.8,0,0,0,0
KECAMATAN_E,2024-08-05,2472.0,0,0,0,0
KECAMATAN_E,2024-08-12,2479.2,0,0,0,0
KECAMATAN_E,2024-08-19,2437.4,0,0,0,0
KECAMATAN_E,2024-08-26,2422.8,0,0,0,0
KECAMATAN_E,2024-09-02,2444.6,0,0,0,0
KECAMATAN_E,2024-09-09,2463.4,0,0,0,0
KECAMATAN_E,2024-09-16,2429.2,0,0,0,0
KECAMATAN_E,2024-09-23,2393.2,0,0,0,0
KECAMATAN_E,2024-09-30,2412.8,0,0,0,0
KECAMATAN_E,2024-10-07,2443.8,0,0,0,0
KECAMATAN_E,2024-10-14,2409.6,0,0,0,0
KECAMATAN_E,2024-10-21,2394.8,0,0,0,0
KECAMATAN_E,2024-10-28,2384.8,0,0,0,0
KECAMATAN_E,2024-11-04,2396.2,0,0,0,0
KECAMATAN_E,2024-11-11,2442.6,0,0,0,0
KECAMATAN_E,2024-11-18,2442.4,0,0,0,0
KECAMATAN_E,2024-11-25,2455.6,0,0,0,0
KECAMATAN_E,2024-12-02,2512.2,0,0,0,0
KECAMATAN_E,2024-12-09,2532.2,0,0,0,0
KECAMATAN_E,2024-12-16,2544.4,0,0,0,0
KECAMATAN_E,2024-12-23,2564.4,0,1,0,1
KECAMATAN_E,2024-12-30,2578.6,0,1,1,1
KECAMATAN_E,2025-01-06,2632.8,0,0,1,1
KECAMATAN_E,2025-01-13,2645.0,0,0,0,0
KECAMATAN_E,2025-01-20,2602.0,0,0,0,0
KECAMATAN_E,2025-01-27,2604.4,0,0,0,0
KECAMATAN_E,2025-02-03,2651.4,0,0,0,0
KECAMATAN_E,2025-02-10,2668.8,0,0,0,0
KECAMATAN_E,2025-02-17,2681.4,0,0,0,0
KECAMATAN_E,2025-02-24,2692.8,0,0,0,0
KECAMATAN_E,2025-03-03,2619.0,0,0,0,0
KECAMATAN_E,2025-03-10,2479.2,0,0,0,0
KECAMATAN_E,2025-03-17,2469.4,0,0,0,0
KECAMATAN_E,2025-03-24,2422.8,0,0,0,0
KECAMATAN_E,2025-03-31,1844.0,1,0,0,0
KECAMATAN_E,2025-04-07,1176.0,1,0,0,0
KECAMATAN_E,2025-04-14,2339.2,0,0,0,0
KECAMATAN_E,2025-04-21,2280.6,0,0,0,0
KECAMATAN_E,2025-04-28,2257.0,0,0,0,0
KECAMATAN_E,2025-05-05,2217.0,0,0,0,0
KECAMATAN_E,2025-05-12,2278.8,0,0,0,0
KECAMATAN_E,2025-05-19,2403.4,0,0,0,0
KECAMATAN_E,2025-05-26,2409.4,0,0,0,0
KECAMATAN_E,2025-06-02,2498.0,0,0,0,0
KECAMATAN_E,2025-06-09,2558.8,0,0,0,0
KECAMATAN_E,2025-06-16,2566.8,0,0,0,0
KECAMATAN_E,2025-06-23,2582.0,0,0,0,0
KECAMATAN_E,2025-06-30,2594.8,0,0,0,0
KECAMATAN_E,2025-07-07,2642.4,0,0,0,0
KECAMATAN_E,2025-07-14,2661.8,0,0,0,0
KECAMATAN_E,2025-07-21,2640.4,0,0,0,0
KECAMATAN_E,2025-07-28,2648.6,0,0,0,0
KECAMATAN_E,2025-08-04,2670.2,0,0,0,0
KECAMATAN_E,2025-08-11,2608.0,0,0,0,0
KECAMATAN_E,2025-08-18,2555.8,0,0,0,0
KECAMATAN_E,2025-08-25,2496.8,0,0,0,0
KECAMATAN_E,2025-09-01,2446.0,0,0,0,0
KECAMATAN_E,2025-09-08,2422.0,0,0,0,0
KECAMATAN_E,2025-09-15,2325.2,0,0,0,0
KECAMATAN_E,2025-09-22,2215.6,0,0,0,0
KECAMATAN_E,2025-09-29,2151.8,0,0,0,0
KECAMATAN_E,2025-10-06,2170.4,0,0,0,0
KECAMATAN_E,2025-10-13,2259.8,0,0,0,0
KECAMATAN_E,2025-10-20,2350.6,0,0,0,0
KECAMATAN_E,2025-10-27,2439.8,0,0,0,0
KECAMATAN_E,2025-11-03,2420.6,0,0,0,0
KECAMATAN_E,2025-11-10,2412.8,0,0,0,0
KECAMATAN_E,2025-11-17,2370.6,0,0,0,0
KECAMATAN_E,2025-11-24,2335.6,0,0,0,0
KECAMATAN_E,2025-12-01,2349.0,0,0,0,0
KECAMATAN_E,2025-12-08,2431.1111111111113,0,0,0,0
KECAMATAN_E,2025-12-15,2398.75,0,0,0,0
KECAMATAN_E,2025-12-22,2218.5714285714284,0,1,0,1
KECAMATAN_E,2025-12-29,2030.3333333333333,0,1,1,1
